{
  "ecmwf": {
    "51": {
      "2m_temperature": {
        "lead_1": {
          "target_month": 5,
          "n": 24,
          "r": 0.5190873400030983,
          "bias": -0.47168134361353053,
          "rmse": 1.0238221698864904,
          "ens_spread": 0.9305054023861885
        },
        "lead_2": {
          "target_month": 6,
          "n": 24,
          "r": -0.07031334491961884,
          "bias": -0.5626299557086555,
          "rmse": 1.5070063991366551,
          "ens_spread": 1.3999312693874042
        },
        "lead_3": {
          "target_month": 7,
          "n": 24,
          "r": -0.05234673914327252,
          "bias": -0.10981033571136607,
          "rmse": 1.5035910316534922,
          "ens_spread": 1.396683504184087
        },
        "lead_4": {
          "target_month": 8,
          "n": 24,
          "r": -0.32095680681777905,
          "bias": -0.15403556975195354,
          "rmse": 1.6222627575214894,
          "ens_spread": 1.274735597272714
        },
        "lead_5": {
          "target_month": 9,
          "n": 24,
          "r": 0.4382968020859074,
          "bias": 0.6374094930485515,
          "rmse": 1.469889144829334,
          "ens_spread": 1.2825312266747158
        }
      },
      "maximum_2m_temperature_in_the_last_24_hours": {
        "lead_1": {
          "target_month": 5,
          "n": 24,
          "r": 0.42251296604853783,
          "bias": -1.8786389242024633,
          "rmse": 2.2600384260956305,
          "ens_spread": 1.1738986298441887
        },
        "lead_2": {
          "target_month": 6,
          "n": 24,
          "r": -0.08904809099656481,
          "bias": -2.0263582656631063,
          "rmse": 2.7692333761313415,
          "ens_spread": 1.7353461583455403
        },
        "lead_3": {
          "target_month": 7,
          "n": 24,
          "r": -0.029940120279376172,
          "bias": -1.5463538895732583,
          "rmse": 2.3185474704309796,
          "ens_spread": 1.7065953960021336
        },
        "lead_4": {
          "target_month": 8,
          "n": 24,
          "r": -0.3052857813907445,
          "bias": -1.6496916400358705,
          "rmse": 2.617655226465542,
          "ens_spread": 1.5542380660772324
        },
        "lead_5": {
          "target_month": 9,
          "n": 24,
          "r": 0.46244656812934765,
          "bias": -0.8633592653500366,
          "rmse": 1.926500372732407,
          "ens_spread": 1.5989218801259995
        }
      },
      "minimum_2m_temperature_in_the_last_24_hours": {
        "lead_1": {
          "target_month": 5,
          "n": 24,
          "r": 0.6187449127769616,
          "bias": 0.9744028469117966,
          "rmse": 1.1870471470332151,
          "ens_spread": 0.7373087915281454
        },
        "lead_2": {
          "target_month": 6,
          "n": 24,
          "r": 0.032422563702371565,
          "bias": 0.9146005188259264,
          "rmse": 1.3878346699493345,
          "ens_spread": 1.1207941298683484
        },
        "lead_3": {
          "target_month": 7,
          "n": 24,
          "r": -0.005136670534719528,
          "bias": 1.2396778064897906,
          "rmse": 1.8078494936051581,
          "ens_spread": 1.1368233561515808
        },
        "lead_4": {
          "target_month": 8,
          "n": 24,
          "r": -0.2520112266822536,
          "bias": 1.163758552566567,
          "rmse": 1.7660723807711176,
          "ens_spread": 1.0635867168505986
        },
        "lead_5": {
          "target_month": 9,
          "n": 24,
          "r": 0.2826362997888863,
          "bias": 2.1924272295269156,
          "rmse": 2.5110124956868627,
          "ens_spread": 1.119952494899432
        }
      },
      "total_precipitation": {
        "lead_1": {
          "target_month": 5,
          "n": 24,
          "r": 0.01656236416638838,
          "bias": 0.1561823742991154,
          "rmse": 1.0631939233693821,
          "ens_spread": 0.8074918414155642
        },
        "lead_2": {
          "target_month": 6,
          "n": 24,
          "r": 0.09406145402241567,
          "bias": -0.05149347795402195,
          "rmse": 0.9232417753069245,
          "ens_spread": 0.922558938463529
        },
        "lead_3": {
          "target_month": 7,
          "n": 24,
          "r": 0.13846256113535277,
          "bias": -0.5332444672878756,
          "rmse": 0.731116109903697,
          "ens_spread": 0.5917434940735499
        },
        "lead_4": {
          "target_month": 8,
          "n": 24,
          "r": 0.5187782696674305,
          "bias": -0.5844378262182837,
          "rmse": 1.0274382427936692,
          "ens_spread": 0.6437858690818151
        },
        "lead_5": {
          "target_month": 9,
          "n": 24,
          "r": -0.05282158915945037,
          "bias": -0.5105827693732926,
          "rmse": 1.5760173861639637,
          "ens_spread": 0.9147416651248932
        }
      }
    }
  }
}